Producto,Descripcion,Presentacion,Precio,Costo,Forma de uso,Ingredientes,1er. Ingrediente principal,2.do Ingrediente principal,3er. Ingrediente principal,Recomendado para
FT-ELYM DTX-OXIGEN,Al entrar en contacto con el agua potencializa los niveles de oxigeno. De manera que al entrar en contacto con la sangre purifica oxigena y desintoxica. Alcaliniza el potencial de hidregeno en la sangre (pH). AdemAs fortalece el sistema inmunologico protegiendo al cuerpo de virus bacterias y hongos. Limpia los filtros de oxigenacion como los pulmones higado y riñones atraves de la oxigenacion celular. Mantiene el higado sano evita la anemia mantiene un nivel adecuado de calcio en los huesos mejora la digestion contrarresta el mal aliento y ayuda a remover las grasas en procesos dieteticos.,Frasco 1L ,949,474.5,Agregar una cucharada en un vaso de agua antes de los alimentos tres veces al dia.,Vitamina C alfalfa alga espirulina clorofila piña diente de leon menta romero ortiga apio tomillo te verde hierbabuena calcio de coral perejil y estevia,1.- Piña: Contribuye a eliminar las toxinas a traves de la orina previene el estreñimiento y activa la absorcion de grasas. , 2.- Romero: Activa el sistema circulatorio y sistema nervioso central por ser un relajante. Se usa para dolores musculares. , 3.- Alga espirulina: Provoca una sensacion de saciedad mantiene los niveles de azucar en la sangre y ayuda a perder peso y mejorar la vision.,ACIDO URICO  ACNE  ALCOHOLISMO  ALERGIA  ALZHAIMER  AMENORREA  AMIGDALITIS  ANEMIA  APENDICITIS  ARRITMIA  ARRUCAS  ARTERIOESCLEROSIS  ARTRITIS  ASMA  BOCIO  BRONQUITIS  CALAMBRES  CANCER  CANSANCIO MENTAL  CARDIO VASCULAR  CATARATAS  CAiDA DE CABELLO  CELULITIS  CIATICA  CIRROSIS  COLESTEROL  COLITIS CORONAVIRUS  CALCULOS BILIARES  CALCULOS RENALES  DEMENCIA SENIL  DEPRESIoN  DERMATITIS  DIABETES  DIARREA  DIGESTION PEREZOSA  DIVERTiCULOS  DOLOR DE CABEZA  DOLOR DE ESPALDA  DOLOR DE RODILLA  ECCEMAS Y HERPES EPILEPSIA  FALTA DE ERECCIoN  FALTA DE OXIGENACION  FALTA DE PESO  FIBROMIALGIA  FIBROSIS  FIEBRE DEL HENO  FIEBRE REUMATICA  FLACIDEZ  FUEGOS LABIALES GOLPES GOTA HALITOSIS  HEMORROIDES HEPATITIS HERNIA HIATAL  HIGADO GRASO  HIGADO INTOXICADO  HIPOTIROIDISMO  IMPOTENCIA  INAPETENCIA  INDIGESTION  INFECCIONES  INFERTILIDAD FEMENINA  INFLAMACION  INFLUENZA  INSOMNIO  IRRITABILIDAD  MANCHAS DEL SOL  MENOPAUSIA  MIOMAS  NERVIOSISMO  OBESIDAD  OSTEOMIELITIS  OSTEOPOROSIS  PARKINSON  PAÑO  PRESIoN ALTA  PROSTATITIS  QUISTES  REUMATISMO  SISTEMA INMUNE DEBIL  SISTITIS TABAQUISMO  TIFOIDEA  TRAUMATISMO  VIRUS VITILIGO VARICES 
FT-ELYM DTX GEL,Esta elaborada mediante una combinacion perfecta de aceites esenciales terapeuticos orgAnicos. Asegura que su cuerpo queme grasa al tiempo que evita la celulitis y fortalece la piel para una apariencia juvenil Se enfoca en zonas de flacidez celulitis piel de naranja estrias piel colgante papada inflamacion hinchazon y mala circulacion.,Envase con 300gr,429,214.5,Apliquese directamente en el Area a tratar en forma de masaje suave despues del baño o antes de hacer ejercicio.,Colageno vitamina Ealgas marinas cola de caballo hiedra lecitina de soya limon menta L- Carnitina naranja romero sabila coenzima QI0 aceite esencial de toronja glicerina pura celulosa celamida y aceite esencial de frutas tropicales.,1.- Vitamina E: Actua como antioxidante al ayudar a proteger las celulas contra los daños causados por los radicales libres. , 2.- Aceite de toronja: Eficaz para eliminar los excesos de agua ya que ayuda a poner en marcha el sistema linfatico. , 3.- Algas marinas: Oxida la grasa corporal. Mejora la circulacion sanguinea y evita la piel de naranja.,FLACIDEZ  VARICES 
FITELYM DTOX CAPS,Desarrollada para deficencias metabolicas. Debido a su perfecta mezcla de nutrientes y fibra natural. fortalece el sistema digestivo para quemar mAs rApido grasas y carbohidratos acumulados. Se recomienda que durante su ingesta lo acompañes con una dieta a base de verduras carnes blancas y frutas.,Frasco con 30 caps,589,294.5,Como suplemente alimenticio tomar una cApsula por la mañana.,Linaza lima locitlna de soya semilla de lima papaya mango africano piña malva cayena jengibre y curcuma,1.- Cayena: Gracias a sus enzimas fibrosas nuestro cuerpo acelera el proceso de digestion ayudando a la perdida de peso. , 2.- Curcuma: Regula el pH de nuestro cuerpo elimina toxinas del cuerpo limpiando y regenerando el higado. AdemAs protege la glandula tiroides. , 3.- Mango africano: Acelera el metabolismo disminuye el hambre nerviosa.,HIPOTIROIDISMO 
FITELYM DTOX TE,Su principal beneficio es ayudar a controlar el hambre nerviosa. Acelera el proceso de digestion de los alimentos elimina el estreñimiento la quema de grasas elimina toxinas durante el proceso de desintoxicacion ayuda a reducir tallas. Regula los desordenes hormonales y desinflama el estomago.,Bolsa con 250gr,589,294.5,Dos cucharadas cafeteras (8g) en 500 ml. de agua caliente o fria por la mañana o por la noche o como agua de uso.,Te verde goji cafe verde cha de bugre Jengibre mango africano hoja de sen raiz de cocolmeca L- Carnitina y vitamina C B1 B6.,1.- Raiz de cocolmeca: Promueve la eliminacion de urea Acido urico y otros desechos orgAnicos. , 2.- Te verde: Influye en la funcion cerebral la perdida de grasa y disminuye el riesgo de padecer cAncer. , 3.- Cha de bugre: Aumenta la circulacion sanguinea desintoxica y combate la retencion de liquidos.,HIPOTIROIDISMO  INFLAMACION  TIROIDES 
FT-ELYM PRO CAPS,Gracias a sus lngredientes combate el estreñimiento cronico al desechar los residuos intestinales y limpiar nuestro organismo. El cuerpo empieza a funcionar de mejor manera favoreciendo la perdida de peso y quema de grasa desinflama el estomago y elimina liquidos retenidos ideal para tratar obesidad tipo 1 y 2.,Frasco 30 caps,589,294.5,Como suplemento alimenticio  una cApsula por la noche con un vaso de agua tomar 2L de agua al dia.,Cafe verde franbuesa cha de bugre te verde moringa sen naranja agria L- Carnitina y calcio.,1.- Cetonas de frambuesa: Extracto de frambuesas que aceleran el metabolismo contribuyendo a la perdida de peso y reduciendo el apetito. , 2.- Naranja agria: Por su alto contenido en fitonutrientes favorece la digestion desinflama reduce el colesterol y elimina la grasa. , 3.- Cha de Bugre: Aumenta la circulacion sanguinea desintoxica y elimina la retencion de liquidos.,DIGESTION PEREZOSA  OBESIDAD 
FTELYM-T PRO,Infusion soluble compuesta por una seleccion de hierbas y frutos preparada con el fin de dirigir al cuerpo hacia una desintoxicacion y limpieza a traves de la depuracion del Colon y la eliminacion de toxinas del organismo retirando residuos almacenados en nuestro intestino ademAs de acelerar la perdida de grasa.,Bolsa con 250gr,589,294.5,Disover 5g en 250ml de agua fria o caliente tomarlo por la mañana o la noche.,Vitamina B3 Cafe verde Naranja Agria Cha de Bugre Te Verde Moringa Frambuesa Calcio de coral.,1.- Moringa: Incrementa las defensas naturales del cuerpo. , 2.- Calcio de coral: Puede apoyar el fortalecimiento de huesos y musculos. , 3.- Frambuesa: Son ricas en calcio potasio vitamina B9 (Acido folico) y vitamina C.,DIGESTION PEREZOSA  OBESIDAD 
FT-ELYM DTX SHAKE,FitElym Dtox Shake contiene 18 nutrientes esenciales. Es un alimento en polvo de acuerdo con los estAndares internacionales mas altos Contiene proteina (22 g.) vitaminas (+10) extractos vegetales y otros ingredientes de primera calidad. La buena nutricion mejora la digestion y la flora intestinal. Aporta nutrientes y calcio a los huesos gracias a su contenido rico en calcio y colAgeno.,Bolsa con 500gr,589,294.5,Disolver 20g. en un vaso con agua (8 oz) y hielo por la mañana endulzar con estevia natural o miel.,Suero de leche proteina de soya hidrolizada zinc lecitina de soya estevia L- Carnitina noni vitamina A malmito tiamina magnesio sulfato ferroso leche de soya colageno hidrolizado quinoa avena y levadura de cerveza.,1.- ColAgeno: Acelera el crecimiento de uñas y cabello regenera celulas muertas de la epidermis mejora la firmeza de la piel y ayuda a cicatrizar. , 2.- Quinoa: Rico en omega 3 destacada por sus propiedades nutritivas y su alto contenido en aminoAcidos esenciales de la proteina. , 3.- Noni: Fruto que contribuye a la regulacion del pH neutraliza la acidez regenera el higado y posee un alto contenido en vitaminas y antioxidantes.,ENERGIA DIGESTION
MYMLK,Al ser una proteina de origen vegetal la leche de soya tiene valores nutricionales muy beneficiosos para nuestra salud. Ayuda a tener un corazon sano previene la osteoporosis cuida el sistema circulatorio y es un producto optimo para personas alergicas o intolerantes a la leche de vaca. EstA comprobado que luego de ser procesada la leche obtenida de la soya proporciona vitaminas y minerales de alto valor nutricional. A diferencia de la leche de vaca la leche de soya carece de colesterol no tiene acidos grasos saturados ni causa efectos dañinos en el organismo.,Bolsa con 450gr,229,114.5,Para 1L de agua 10 cucharadas soperas para un vaso de 200 ml 2 cucharadas soperas.,Fuente de proteinas vitaminas minerales y nutrientes.  Nivela las hormonas y retrasa el envejecimiento refuerza el sistema inmune alto contenido en fibra.,1.- Propiedades antiinflamatorias. , 2.- Propiedades antioxidantes funcionales , 3.- Propiedades restauradoras.,INTOLERANCIA A LA LACTOSA
MYMAHAL-EX,Los principios activos de la Mahal concetran extracto que junto a plantas como valeriana pasiflora y 7 azahares favorecen en la regeneracion del sistema nervioso.  AdemAs de coadyuvar en padecimientos como insomnio ataques leves de ansiedad palpitaciones nerviosas e irritabilidad. espasmos e hipertension arterial asociados a nervios dolores de cabeza migraña estres oxidativo vitiligo entre otros.,Frasco con 500ml,529,264.5,Tomar una copita (20 ml) dos veces al dia antes del desayuno y comida. Preferentemente sublingual.,Valeriana pasiflora flor de manila hierba de San Juan rhodiola tumba vaquero cedron toronjil tila albahaca 7 azahares L-Teanina Acido glutAmico L-Glutation 70% y agua purificada,1.- Tila: Relajante y somnifero tiene un efecto sedante en el sistema nervioso. Ayuda a quienes padecen nerviosismo insomnio  y estres. , 2.- Cedron: Como tratamiento fitoterapeutico para aumentar la energia vital y equilibra el sistema nervioso. , 3.- Albahaca: Ayuda a combatir el estres reduce los dolores de cabeza mejora la salud respiratoria la digestion  y protege los riñones.,ACIDEZ ESTOMACAL  ALCOHOLISMO  ARRITMIA  COLITIS EPILEPSIA  INSOMNIO  IRRITABILIDAD  MIGRAÑA  NERVIOSISMO 
REVENUE JUICE,Excelente antioxidante aumenta la energia evita cansancio e insomnio. Reduce el azucar en la sangre estabiliza la presion arterial. Fortalece el corazon higado riñones y pAncreas. Previene la oxidacion celular los sintomas causados por la edad el cAncer y enfermedades autoinmunes.,Frasco con 1L,899,449.5,Tomar una copita (20ml) diluida en medio vaso con agua tres veces al dia antes de cada alimento.,Goji Mangostan GuaranA Noni Te Verde ArAndano Tamarindo Guayaba Mango Semilla de uva Vitamina B1 Vitamina B6 Vitamina B12 Vitamina A Acido Folico.,1.- Guarana: Nivela el azucar en sangre limpia los riñones y el higado. Es un gran energetico. , 2.- Noni: Se recomienda para estimular el sistema inmunitario y combatir infecciones. , 3.- Semilla de uva: Es un excelente antioxidante elimina las celulas muertas. Limpia y regenera la epidermis.,ALERGIA  ALZHAIMER  ANEMIA  ASMA  BRONQUITIS  CANSANCIO MENTAL  CATARATAS  CORONAVIRUS  DEMENCIA SENIL  DOLOR DE CABEZA  EPILEPSIA  FALTA DE OXIGENACION  FALTA DE PESO  INAPETENCIA  INFLUENZA  SISTEMA INMUNE DEBIL  TIFOIDEA 
MY REVENUE SHAKE,Satisface los requerimientos nutricionales diarios para toda la familia (proteinas vitaminas y minerales). Ideal para prevenir y tratar anemia y deficiencias vitaminicas aumenta la capacidad de aprendizaje.,Bolsa con 500gr,899,449.5,Disolver 8g. en 250ml. de agua con hielos tomarlo por la mañana. No exceda la porcion recomendada.,(Informacion de ingredientes no detallada en el documento),1.- Noni: Se recomienda para estimular el sistema inmunitario y combatir infecciones. , 2.- ColAgeno: Acelera el crecimiento de uñas y cabello regenera celulas muertas de la epidermis mejora la firmeza de la piel y ayuda a cicatrizar. , 3.- Proteina de chicharo: unica proteina libre de gluten nutre y desintoxica las celulas. Estimula la produccion de calcio.,ANEMIA  FALTA DE PESO  INAPETENCIA  SISTEMA INMUNE DEBIL 
MY REVENUE CAPS,Gracias a sus ingredientes revitaliza y funciona como antioxidante. Nos brinda la cantidad correcta de vitaminas y minerales elimina sustancias toxicas del cuerpo protegiendo a las celulas y mitocondrias del daño oxidativo y peroxidacion ademAs de sus efectos energizantes y revitalizantes. Estimula la energia fisica y mental evita la fatiga y el agotamiento fisico. Aporta vitaminas al sistema inmunologico.,Frasco con 60 caps,599,299.5,Tomar una cApsula al dia,Vitamina B1 Vitamina B6 Vitamina B2 Vitamina A Acido folico Vitamina B12 Vitamina C Granada Acai Noni GuanAbana GuaranA Mangostan Goji L-Glutation.,1.- Guarana: Nivela el azucar en sangre limpia los riñones y el higado. Es un gran energetico. , 2.- L-Glutation: Aumenta el potencial de los antioxidantes. Protege las celulas de los daños causados por la radiacion. , 3.- Guanabana: Alto contenido en vitaminas minerales y antioxidantes. EstA comprobado que el jugo de GuanAbana ayuda a combatir el cAncer.,FORTALECER EL SISTEMA INMUNE
OMG 369,Excelente suplemento alimenticio para regular los niveles de glucosa en la sangre y trigliceridos. Fortalece articulaciones musculos y huesos. Absorbe la grasa de la sangre limpiando las arterias. Mejora niveles de concentracion y retencion.,Frasco con 60 oil caps,599,299.5,Tomar una cApsula al dia despues del desayuno.,Aceites de mezclas de pescados (salmon anchoa y mackerel). Acido Eicosapentaenoico (EPA) Acido Docosahexaenoico (DHA).,1.- Aceite de salmon: Es excelente regulador de los niveles de glucosa en la sangre fortalece los huesos y dientes. Mejora los niveles de concentracion y aprendizaje. , 2.- DHA: Contrarresta los niveles altos de colesterol en la sangre ademAs regula los trigliceridos.,,ARRITMIA  ARTERIOESCLEROSIS  CARDIO VASCULAR  CAiDA DE CABELLO  COLESTEROL  COLITIS DOLOR DE CABEZA  FALTA DE OXIGENACION  MIGRAÑA  PARKINSON  SISTEMA INMUNE DEBIL 
REVEN-VIT,Mejora la Funcion Cognitiva: Aumenta la capacidad del cerebro para procesar analizar y recordar informacion. Potencia habilidades como el pensamiento critico la memoria la atencion y el aprendizaje de nuevas habilidades. Promueve el sistema Nervioso Saludable: Contribuye al buen funcionamiento del sistema nervioso. Aumenta los niveles de Energia: Inhibe la fatiga el cansancio y el dolor corporal incluyendo pies espalda jaquecas y migrañas. Alivio de Dolor: Efecto analgesico frente a dolores neuropaticos. Combate el cansancio Fisico y Mental: Reduce la sensacion de fatiga y promueve un bienestar general. Contribuye a la Salud General: Mejora la salud cerebral cardiaca y regula los niveles de energia. Tambien ayuda a disminuir el estres aumenta la concentracion y fortalece la inmunidad. Prevencion de Anemia: Ayuda a la formacion de globulos rojos esencial para prevenir la anemia. Complejo B: Ideal para cubrir demandas vitaminicas aumentadas por condiciones como diabetes mellitus en adultos mayores y alcoholicos cronicos asi como deficiencias causadas por actividad fisica intensa.,Frasco 30 caps softgel ,599,299.5,Tomar una cApsula softgel por la mañana.,Cereza de cafe Cocoa Te verde Noni Maitake Chaga Shitake Goji Vitamina A Vitamina C Complejo B.,1.- Complejo B: Ideal para cubrir demandas vitaminicas aumentadas. , 2.- Vitamina C (Acido absorbico): Formacion colageno cartilago vasos sanguineos. , 3.- Vitamina B1 (tiamina): Salud de los organos. ,MEJORA LA FUNCIoN COGNITIVA MEJORA EL SISTEMA INMUNE MAS ENERGIAESTRES
ORIGEN CAFE,Tomar cafe tambien es una tendencia ecologica ya que su cereza lleva un proceso mAs natural y potencializa sus beneficios pues es 2 veces mAs antioxidante que el de mesa. AdemAs de ayudar a quemar grasa disminuir los niveles de glucosa y colesterol en la sangre. Gracias a los beneficios de sus ingredientes promueve la longevidad.,1Kg,1459,729.5,Disolver 8g en 250 ml de agua fria o caliente tomarlo por la mañana o noche.,Cereza de cafe Cocoa Te verde Noni Maitake Chaga Shitake Goji Vitamina A Vitamina B3 Vitamina C.,1.- Ganoderma: Es un hongo saludable utilizado en la medicina tradicional china para promover la longevidad prevenir el cancer tiene un efecto hepAtico protector. , 2.- Cereza de cafe: Conocida por tener dos veces mAs nutrientes que solamente la semilla de cafe. Contiene antioxidantes que optimizan a funcion de los organos. , 3.- Reichi: Contiene una gran cantidad de Acidos alcaloides naturales que ayudan a nuestro cuerpo a mejorar el desgaste fisico y mental.,BOCIO  CANCER  CANSANCIO MENTAL  CALCULOS RENALES  DEPRESIoN  FALTA DE ERECCIoN  IMPOTENCIA  VIRUS VITILIGO
MY BIO-NCO,Sus principales ingredientes tienen una funcion antiviral antitumoral antirreumatica lo que impide la implantacion de celulas cancerigenas tumores quistes y miomas; trabaja en la degradacion de los mismos y hace mAs resistente al sistema inmune ademAs de controlar alergias.,Bolsa con 250gr,589,294.5,Disolver 5g en 250ml de agua fria o caliente tomarlo por la noche o por la mañana. No exceda la dosis recomendada.,Stevia Moringa Cancerina Cardo bendito Semilla de uva Guanabana Noni Yca Tamarillo Menta en polvo.,1.- Tamarillo: AdemAs de ayudar a nuestra belleza juventud e incluso a perder peso protege el organismo de la contaminacion y de los efectos del tabaco. Mejora la circulacion y purifica la sangre. , 2.- Guanabana: Alto contenido en vitaminas minerales y antioxidantes. EstA comprobado que el jugo de Guanabana ayuda a combatir el cancer especialmente el de mama Colon prostata y pulmones. , 3.- Semilla de Uva: Es un excelente antioxidante elimina las celulas muertas. Limpia y regenera la epidermis.,ALERGIA  ALZHAIMER  AMENORREA  AMIGDALITIS  APENDICITIS  ARTERIOESCLEROSIS  ARTRITIS  ASMA  BOCIO  BRONQUITIS  CANCER  CIRROSIS  CORONAVIRUS  CALCULOS BILIARES  CALCULOS RENALES  FALTA DE OXIGENACION  FIBROSIS  FIEBRE DEL HENO  FIEBRE REUMATICA  GOTA HEMORROIDES HERNIA HIATAL  HIPOTIROIDISMO  INFECCIONES  INFERTILIDAD FEMENINA  INFLUENZA  MENOPAUSIA  MIOMAS  OSTEOMIELITIS  OSTEOPOROSIS  PROSTATITIS  QUISTES  REUMATISMO  SISTITIS TABAQUISMO  TIROIDES  TRAUMATISMO  VIRUS
SUKER CAPS,Gracias a sus ingredientes. Suker capas regenera y desintoxica el higado pAncreas y vesicula. Es por eso que coadyuva en el tratamiento de enfermedades de la piel y ulceras estomacales. Las raices y tuberculos ayudan a contrarrestar la diabetes mellitus. AdemAs son antiinflamatorio y benefician en caso de dificultades reumAticas.,Frasco con 60 caps,429,214.5,Tomar una capsula al dia despues del desayuno.,GuayacAn amarillo Guarana Estearato de magnesio Perejil Xoconostle Neem Palo de arco Matarique.,1.- Perejil: Actua como diuretico antianemico y anticancerigeno. Limpia el sistema biliar y el sistema urinario. , 2.- Xoconostle: Fortalece el sistema inmune. Regula la circulacion y la reparacion de cartilago. Contribuye a la regeneracion de tendones ligamentos y piel. , 3.- Yaca: Es una buena fuente de antioxidantes que protege a nuestro organismo y elimina los radicales libres. Controla los niveles de presion arterial.,APENDICITIS  CIRROSIS  HEPATITIS HIGADO GRASO  HIGADO INTOXICADO  PRESIoN ALTA 
SUKER JUICE,Gracias a su formula amarga es excelente para combatir problemas mAs relacionados con el higado intoxicado. Se utiliza como auxiliar en el tratamiento de diabetes y regeneracion del pAncreas. Regula los niveles de colesterol y trigliceridos. Fortalece el sistema inmunologico biliar antibacteriano acelera la cicatrizacion interna y auxiliar en casos de cirrosis.,Frasco con 500ml,589,294.5,Diluir 15ml en 250 ml despues del desayuno,GuayacAn amarillo Guarana goma Xantana Perejil Yaca Guanabana Xoconostle Neem Palo de arco Matarique.,1.- Neem: Excelente antioxidante elimina toxinas y radicales libres causales del cancer. Limpia la sangre y protege el higado y riñones. , 2.- Perejil: Actua como diuretico antianemico y anticancerigeno. Limpia el sistema biliar y el sistema urinario. , 3.- Yaca: Es una buena fuente de antioxidantes que protege a nuestro organismo y elimina los radicales libres. Controla los niveles de presion arterial.,ACIDO URICO  ALCOHOLISMO  APENDICITIS  CIRROSIS  COLESTEROL  CALCULOS BILIARES  DERMATITIS  DIABETES  ECCEMAS Y HERPES FUEGOS LABIALES HALITOSIS  HEPATITIS HIGADO GRASO  HIGADO INTOXICADO  INFECCIONES  MANCHAS DEL SOL  PRESIoN ALTA  TABAQUISMO  TIFOIDEA 
SAVERA,Excelente en el problema de gastritis colitis estreñimiento y agruras. Es excelente cicatrizante en caso de ulceras gastricas. Protege la flora intestinal y previene el cAncer de Colon y diverticulosis. Reduce el colesterol la glucosa en la sangre (diabetes) y mejora la circulacion.,Frasco 1L ,589,294.5,Disolver 8g en 250 ml de agua tomarlo por la mañana antes del desayuno.,Magnes Vitamina B1 B2 B3 Vitamina A Goji Arandano Acai Piña Hierba del pollo Muitle Inulina de agrave.,1.- Hierba de poll: Depura la sangre de toda clase de impurezas; es digestiva diuretica descongestionante antiinflamatoria y actua contra malestares hepAticos problemas renales y denticion en niños. AdemAs coadyuva en tratamientos para heridas y hemorragias. , 2.- Piña: Contribuye a eliminar las toxinas a traves de la orina previene el estreñimiento y activa la absorcion de grasas. , 3.- Goji: Excelente antioxidante. Ayuda a regenerar celulas nuevas en nuestro cuerpo aumenta las defensas y aporta hierro y vitaminas.,ACIDEZ ESTOMACAL  ACIDO URICO  AGRURAS  AMENORREA  COLESTEROL  COLITIS DIABETES  DIARREA  DIGESTION PEREZOSA  DIVERTiCULOS  FIEBRE DEL HENO  GASTRITIS GOLPES HEMORROIDES HEPATITIS HERNIA HIATAL  HIGADO GRASO  HIGADO INTOXICADO  INDIGESTION  INFLAMACION  OBESIDAD  PRESIoN ALTA  TIROIDES 
MY GS-TREL CAPS,El sistema digestivo es el encargado de transformar los alimentos para que las celulas del organismo absorban los nutrientes y los usen como energia. Alivia los sintomas de la gastritis acidez estomacal indigestion diarrea y ulceras gastricas.,Frasco con 60 caps,429,214.5,Tomar una cApsula por la mañana.,Menta Blanca Tlanchichinole Te verde Nopal Cancerina Tepezcohuite Vitamina B3.,1.- Te verde: Mejora la funcion Cerebral la perdida de grasa y disminuye el riesgo de padecer cancer. , 2.- Tepezcohuite: Se le atribuyen propiedades cicatrizantes. , 3.- Tlanchichinole: Tiene actividad antimicobacteriana y antiprotozoaria.,AGRURAS  GASTRITIS
INTENS-MN,Por su compuesto de nutrientes contiene muchas propiedades nutritivas y energeticas que pueden mejorar tu rendimiento fisico. Intens-Mn potencializa tu rendimiento fisico y mental asi tambien la energia y la resistencia a los efectos perjudiciales del estres y del envejecimiento. Intens-Mn tambien se emplea para aumentar el rendimiento sexual. Se le recomienda consumir a las personas que quieran mejorar su rendimiento fisico e incrementar el vigor sexual.,Frasco 30 caps softgel ,599,299.5,Tomar una capsula softgel por la mañana o por la noche.,Calcio de Coral VitaminaB3 Vitamina B2 Vitamina E Vitamina B6 Vitamina A Vitamina D3 Vitamina B1 Vitamina C Tribulus Ashwagandha Maca Zarzaparilla.,1.- Calcio de coral: Puede apoyar al fortalecimiento de huesos y musculos. , 2.- Maca: Propiedades energizantes y nutritivas gracias a su contenido en proteinas carbohidratos calcio fosforo yodo hierro Vitamina B y Vitamina C. , 3.- Zarzaparilla: Actua como expectorante diuretico depurativo y antiinflamatorio.,RENDIMIENTO SEXUAL MASCULINO
FTX PLUS,Las propiedades de este producto gracias a sus ingredientes ayudan en caso de osteosarcoma. Aumenta el nivel de calcio y flexibilidad. Previene artritis reumatoide y deformacion en los huesos evita rigidez en las articulacion dolor de espalda coyunturas y rodillas. Previene la osteoporosis y osteoartritis.,Frasco con 30 tabletas,529,264.5,Tomar una tableta al dia.,Vitamina C Potasio Vitamine E Calcio de Coral Vitamina D3 Cartilago de tiburon Encino Sauce blanco Guasimo.,1.- Cartilago de tiburon : Regenra los tendones evita la osteoporosis y regenera los huesos. , 2.- Calcio de Coral : Puede apoyar al fortalecimiento de huesos y musculos. , 3.- Guasimo : Contiene compuestos que podrian actuar como antioxidantes protegiendo las celulas del daño oxidativo.,ARTRITIS  CALAMBRES  CIATICA  DOLOR DE ESPALDA  DOLOR DE RODILLA  FIBROMIALGIA  FIEBRE REUMATICA  OSTEOMIELITIS  OSTEOPOROSIS  REUMATISMO  TRAUMATISMO 
LIVE + TE,Infusion soluble antioxidante y energetico que gracias a sus beneficios provee de energia evita la fatiga y el cansancio fisico emocional e intelectual. Amplia el rendimiento fisico. Favorece la oxigenacion celular haciendo que la circulacion sanguinea sea mAs eficaz.,Bolsa con 250gr,599,299.5,Disolver 5g en 250ml de agua fria o caliente tomarlo por la mañana o por la noche. No exceda la dosis recomendada.,Mangostan Goji Semilla de Uva Stevia Yerba Mate Te verde Rhodiola Noni Guarana Maca Zarzaparilla Vitamina C Vitamine E Vitamina B3 Vitamina B5 Vitamina B6 Vitamina B1 Vitamina A Vitamina D.,1.- Goji: Excelente antioxidante. Ayuda a regenerar celulas nuevas en nuestro cuerpo aumenta las defensas y aporta hierro y vitaminas. , 2.- Mangostan: Contiene vitaminas C y E asi como zinc que ayuda a fortalecer el sistema inmunologico. , 3.- Yerba Mate: Puede tener efectos antiinflamatorios.,DEPRESIoN  FALTA DE ERECCIoN  IMPOTENCIA 
MY MAHAL,Se enfoca en el sistema nervioso central. Se utiliza para combatir el insonimo los estados de excitacion nerviosa los disturbios nerviosos. Asi como dolores de cabeza insomnio tension muscular estres migraña previene taquicardia y depresion nerviosa ya que actua en el sistema nervioso sin ser un narcotico.,Bolsa con 250g Precio $489.00 Costo $294.50,489,244.5,Disolver 5g en 250 ml de agua fria o caliente tomarlo por la mañana o por la noche.,Vitaminas C B1B2 B3 B5 B6 y H Stevia Rhodiola Zacate limon Pasiflora Azhar Cedron y Acido glutamico.,1.- Tila: Relajante y somnifero tiene un efecto sedante en el sistema nervioso. Ayuda a quienes padecen nerviosismo insomnio y estres. , 2.- Cedron: Como tratamiento fitoterapeutico para aumentar la energia vital y equilibra el sistema nervioso. , 3.- Zacate Limon: Antiinflamatorio natural.,ALCOHOLISMO  DEPRESIoN  INSOMNIO  IRRITABILIDAD  MIGRAÑA  NERVIOSISMO  PARKINSON  VITILIGO
MY MAHAL CAPS,Disminuye la tension emocional estres ansiedad y nerviosismo. Mejora la calidad del sueño y combate problemas de insomnio. Regula el sistema nervioso ayuda en el control de la hipertension ansiedad.,Frasco con 60 cAps Precio $429.00 Costo $214.50,429,214.5,Tomar una capsula por la noche antes de dormir.,Tila Ashwagandha Pasiflora Lavanda Albahaca Vitamina C y Vitamina B3 Cedron.,1.- Cedron : Como tratamiento fitoterapeutico para aumentar la energia vital y equilibrar el sistema nervioso. , 2.- Albahaca: Ayuda a combatir el estres reduce los dolores de cabeza mejora la salud respiratoria la digestion y protege los riñones. , 3.- Pasiflora: Excelente remedio natural para combatir insomnio por su efecto sedante. AdemAs ayuda a aliviar la fatiga muscular migrañas y estados de ansiedad.,ALCOHOLISMO  DEPRESIoN  INSOMNIO  IRRITABILIDAD  MIGRAÑA  NERVIOSISMO  PARKINSON  VITILIGO
MAHAL GUMMY BEARS SLEEP HEALTHY,disminuye la tension emovional mejora la calidad del sueño coadyuva en crisis de migraña y cefaleas en general,Frasco de 30 gomitas de 3g c/u Precio $999.00 Costo $499.50,999,499.5,Comer una gomita 30 minutos antes de dormir.,Agua purificada azucar glucosa grenetina L-Teanina extracto seco de semilla de griffonia simplicifolia (Griffonia simplicifolia) acido citrico sabor uva natural Acido malico eritritol(1.067 g/ 100 de producto) melatonina CBN MICOBEL-SR (sorbato de potasio) Acido sorbico extracto de fruto del monje (Luo Han Guo/Siraita grosvenorii) y colorante violeta (rojo FD&C3 y azul FD&1).,1.- L-Teanina : Apoya en efectos derivados de trastornos del sistema nervioso combate la migraña dolores de cabeza inquietud y angustia. , 2.- Griffoniasimplicifolia: Actua como neurotransmisor cuya mision principal es regular la calidad del sueño (cansancio ansiedad mal humor etc.) asi como en casos de insomnio y depresion. , 3.- CBN : Funciona como sedante antiemetico reduce el dolor es antibacteriano promueve el crecimiento de celulas oseas y estimula el apetito.,ALCOHOLISMO  DEPRESIoN  INSOMNIO  IRRITABILIDAD  MIGRAÑA  NERVIOSISMO  PARKINSON  VITILIGO
SMAN CAPS,Contiene una mezcla especial de plantas medicinales y gracias a su composicion unica y compleja apoya eficazmente en el aumento de la libido femenina. Mejora el ritmo sanguineo en el pene. Evita la eyaculacion precoz. Aumenta la vitalidad y energia. Contiene plantas afrodiciacas que son utilizadas desde nuestros ancestros como el ginseng coreano y el epimedium.,Bolsa con 3 tabletas. Precio $429.00 Costo $214.50,429,214.5,Tomar una tableta 1 hr antes de la actividad sexual.,Yin Yang Huo Muira puama No de chachorro Maca Cordyceps y Estearato de Magnesio. Vitamina B12 Vitamina C.,1.- Maca : Propiedades energizantes y nutritivas gracias a su contenido en proteinas carbohidratos calcio fosforo yodo hierro Vitamina B y Vitamina C. , 2.- Epimedium : Posee propiedades afrodisiacas empleadas para el tratamiento de la impotencia asi como para incrementar la libido o deseo sexual. , 3.- Mejora la energia y la resistencia .,FALTA DE ERECCIoN  IMPOTENCIA 
MY PRO-ST,Es e much autilidad en el tratamiento de desorden del tracto urinario masculino como infecciones (prostatitis ) o incontinencia. Por sus altas concentraciones en esteroles actua como agente antiinflamatorio para tratar el agrandamiento de prostata. Fortalece la uretra y otros componentes de las vias urinarias mejora el flujo de la orina eliminando la sensacion de malestar.,Frasco con 60 cApsulas  Precio $429.00 Costo $214.50,429,214.5,Tomar una capsula al dia,Semilla de calabaza Arandano Noni Goji Pinguica Doradilla Palo Azul Cola de caballo Taray Mangostan Pelos de elote Guasimo Buchu y Estearato de magnesio.,1.- Palo Azul : Tiene un gran efecto diuretico ademAs de que gracias a su contenido de Flavonoides evita la formacion de cristales urinarios. , 2.- Semilla de calabaz: Presenta diversas propiedades antiprostaticas como hipertrofia prostatica antiinflamatorio urinario. , 3.- Arandano : Es util para nuestra vista y previene enfermedades degenerativas de los ojos como cataratas. Tiene accion antiiflamatoria contribuye a prevenir enfermedades cardiovasculares.,GOTA PROSTATITIS  SISTITIS
BEGREEN,Excelente desinflamante elimina toxicinas mejora la circulacion contribuye a la aceleracion de la digestion cicatriza y reconstruye tejidos limpia el higado elimina el mal aliento incrementa los niveles de oxigeno en los huesos mejora la vista regula el PH.,Frasco con 1L ( unica presentacion ) Precio $599.00 Costo $299.50,599,299.5,Disolver 15ml en 250ml de agua antes del desayuno.,Alga espirulina Te verde Alfalfa Hierbabuena Menta Clorofila Estevia y Vitamina C.,1.- Alga espirulina: Provoca una sensacion de saciedad mantiene los niveles de azucar en la sangre ayuda a perder peso y mejorar la vision. , 2.- Clorofila: Su consumo frecuente aumenta la produccion de oxigeno en la sangre desintoxica y limpia los organos. , 3.- Hierbabuena: Previene el mal aliento estimula el sistema inmunologico incrementa los niveles de oxigeno en la sangre desinflama el estomago y ayuda en casos de diarrea.,ACIDEZ ESTOMACAL  AGRURAS  DIARREA  DIVERTiCULOS  GASTRITIS HALITOSIS  INDIGESTION  INFLAMACION 
MY RIURY,Desinflama las vias urinarias riñones vejiga y corrige su funcionamiento. Elimina sustancias toxicas de la sangre Acido urico y retencion de liquidos a traves de la orina. Evita infecciones vaginales.,Frasco con 60 cAps. Precio $429.00 Costo $214.50,429,214.5,Tomar una capsula al dia antes del desayuno.,Cola de caballo (Equisetum arvense). Guasimo (Guazuma ulmifolia) Estearato de magnesio Pelos de elote (Zea mays) Taray (Tamarix gallica) Palo azul (Haemotoxylum campechianum) y Cascara sagrada (Frangula purshiana).,1.- Cola de caballo: Puede ayudar a reducir la retencion de liquidos. , 2.- Palo azul: Se utiliza contra el Acido urico ayuda a prevenir los colicos en el riñon y el higado. , 3.- Taray: Posee propiedades antimicrobianas citotoxicas.,ACIDO URICO  CALCULOS RENALES  GOTA PROSTATITIS  SISTITIS
MY BELLY CAPS,Interviene en la reparacion de los tejidos fortalece la piel uñas quebradizas cabello debilitado con tendencia a caerse piel deshidratada o flacida. Evita el envejecimiento prematuro el colAgeno es necesario para un buen funcionamiento de los huesos tejidos cartilago ligamentos tendones y articulaciones.,Frasco con 60 cAps Precio $429.00 Costo $214.50,429,214.5,Tomar una cApsula por la mañana y otra por la noche.,ColAgeno hidrolizado Semilla de uva jalea Real Vitamica C Calcio Magnesio Potasio Biotina Vitamina K Selenio Vitamina D.,1.- Semilla de uva: Es un excelente antioxidante elimina las celulas muertas. Limpia y regenera la epidermis. , 2.- Biotina: Favorece principalmente el mantenimiento normal del cabello y ayuda a la salud de la piel. , 3.- ColAgeno hidrolizado: Proporciona estructura a la piel y fortalece los huesos.,ACNE  ARTRITIS  CAiDA DE CABELLO  CELULITIS  CIATICA  DEMENCIA SENIL  DOLOR DE ESPALDA  DOLOR DE RODILLA  FIBROMIALGIA  INFERTILIDAD FEMENINA  MENOPAUSIA  OSTEOMIELITIS  OSTEOPOROSIS  REUMATISMO  TRAUMATISMO 
MY BELLY-T,El te colAgeno es una proteina que aporta resistencia y elasticidad a nuestros tejidos. Es parte esencial de huesos cartilagos tendones y ligamentos. Nutre los tejidos tendones y ligamentos. Fija y absorbe mAs rapido el Calcio en huesos uñas piel y cabello.,Sobre con 350g Precio $589.00 Costo $294.50,589,294.5,Disolver 8g en 250ml de agua tomarlo por la mañana o por la noche.,ColAgeno hidrolizado semilla de uva Omega 3 6 9 Potasio Vitamina A C E Hierro Zinc y Biotina.,1.- Semilla de uva: Es un excelente antioxidante elimina las celulas muertas. Limpia y regenera la epidermis. , 2.- Biotina favorece: Principalmente el mantenimiento normal del cabello y ayuda a la salud de la piel. , 3.- ColAgeno hidrolizado : Proporciona estructura a la piel y fortalece los huesos.,ACNE  ARTRITIS  CAiDA DE CABELLO  CELULITIS  CIATICA  DEMENCIA SENIL  DOLOR DE ESPALDA  DOLOR DE RODILLA  FIBROMIALGIA  INFERTILIDAD FEMENINA  MENOPAUSIA  OSTEOMIELITIS  OSTEOPOROSIS  REUMATISMO  TRAUMATISMO 
MY LIDY FELL,Ayuda a controlar los desequilibrios hormonales que ocurren durante la menopausia cambios de humor sofocos bochornos alteraciones nerviosas trastorno del sueño resequedad vaginal infecciones vaginales falta de lubricacion irregularidad o dolor menstrual.,Frasco con 60 cAps Precio $429.00 Costo $214.50,429,214.5,Tomar una capsula por la mañana y otra por la noche.,Camote Silvestre (dios corea composita) Avena (avena sativa) Perejil (petroselinum crispum) Calcio Magnesio Vitamine E y Vitamina B1.,1.- Camote silvestre: Para tratar el sindrome pre-menstrual los calambres y la resequedad vaginal contrarresta la debilidad de los huesos. , 2.- Perejil: Evita contracciones de los intestinos que causan dolor como el retotijon o los colicos menstruales evita la retencion de liquidos y estimula la salida de los gases. , 3.- Ayuda a formar y mantener dientes y huesos sanos (tiamina).,AMENORREA  FIBROSIS  INFERTILIDAD FEMENINA  MENOPAUSIA  MIOMAS  QUISTES  TIROIDES 
MY SIR-Q,Mejora la circulacion coadyuva en problemas de varices hemorroides flebitis trombosis moretones hormigueo dolor de piernas entumecimiento. Mejora la flexibilidad y actua como regulador de la presion arterial.,Frasco con 60 cAps Precio $429.00 Costo $214.50,429,214.5,Tomar una cApsula por la mañana y otra por la noche.,Limon Semilla de chia Rusco Semilla de uva Lecitina de soya Cola de caballo Hamamelis y Chaya.,1.- Semilla de chia: Muy rica en Acidos grasos omega 3 un tipo de grasa poliinsaturada que fortalece las neuronas ayudandotambien a optimizar nuestra salud. , 2.- Cola de caballo: Puede ayudar a reducir la retencion de liquidos cardiovascular. , 3.- Semilla de uva: Es un excelente antioxidante elimina las celulas muertas. Limpia y regenera la epidermis.,ARRITMIA  ARTERIOESCLEROSIS  CALAMBRES  CARDIO VASCULAR  CATARATAS  CELULITIS  DIABETES  FLACIDEZ  GOLPES VARICES 
MY ST-MORY CAPS,Estimula el sistema nervioso central. Mejora la memoria da oxigenacion al cerebro ayuda a los neurotransmisores y conexiones del sistema nervioso estimulador neuronal. La falta de concentracion debilidad mental dolores de cabeza demencia senil estres insomnio y colitis nerviosa. Auxiliar en sistemas de migraña.,Frasco con 60 cAps Precio $429.00 Costo $214.50,429,214.5,Tomar una cApsula al dia antes del desayuno.,Calcio Vitamina B1 (tiamina) Zinc Vitamina B9 (Acido folico) Tila (Tilia cordata) Rhodiola (Rhodiola rosea) Albahaca (Ocimum basilicum) Ashwagandha.,1.- Ashwagandha: Puede ayudar a calmar el cerebro reducir la hinchazon disminuir la presion arterial y alterar el sistema inmunologico. , 2.- Rodiola: Ayuda a reducir la ansiedad. , 3.- Albahaca: Ayuda a combatir el estres reducir los dolores de cabeza mejora la salud respiratoria mejora la digestion y protege a los riñones.,ALZHAIMER  CARDIO VASCULAR  DEMENCIA SENIL  DOLOR DE CABEZA  EPILEPSIA  PARKINSON  VITILIGO
XUGO VRD,Por su alto contenido en fitonutrientes el jugo verde es coadyuvante en el proceso de digestion. Gracias a su riqueza en fibra soluble posee un efecto de saciedad y de reduccion de peso. Recomendado para el control de diabetes osteoporosis anticancerigeno antioxidante salud cardiaca y contra infecciones digestivas. Ademas ayuda a regular los niveles de colesterol y trigliceridos en la sangre.,Bolsa con 250g Precio $529.00 Costo $264.50,529,264.5,Verter una cuchara cafetera en 1 vaso con agua por la mañana y por la noche.,Brocoli Alfalfa Zanahoria Vitamina B Vitamina C Salvado de Trigo Pencas de Nopal en polvo Hojas y tallos de Perejil en polvo Hojas y tallos de Apio en polvo Acido Citrlco Semillas de Chia Piña en polvo Alga Espirulina Semilla de Linaza Molida Goma Xantana Ciruela deshidratada Dioxido de Silicio Extracto de hojas Te verde Limon en polvo. Kale Jengibre Manzana Verde Fosfato TricAlcio Estevia.,1.- Nopal: Su alto contenido en fibra y minerales actua como desinflainatorio al no tener alimentos que digerir absorbe los nutrientes y ayuda a contrarrestar el colesterol. , 2.- Manzana: Las propiedades de esta fruta son ideales para personas con problemas del corazon ya que carece de colesterol sodio y grasas saturadas. , 3.- Contiene vitamina A B1 B2 B6 C E y mAs de 10 minerales. Tiene una accion antioxidante cardioprotectora antibacteriana diuretica y digestiva.,CALCULOS BILIARES 
STEFIA ENDULZANTE,Es una planta dulce de la selva de Paraguay usada de forma medicinal para diabeticos o para endulzar comidas y bebidas. En su forma natural es de 200 a 300 veces mAs dulce que el azucar refinado no contiene sodio ni calorias ni carbohidratos. Es un edulcorante absolutamente sano con propiedades y beneficlos para nuestro cuerpo. Tiene efectos favorables en la absorcion de grasa beneficia la presion arterial con un suave efecto diuretico. Vasodilatador y cardiotonico ansiolitico natural baja los niveles de colesterol mejora la memoria la concentracion y el aprendizaje facilita la digestion.,Frasco con 20ml Precio $389.00 Costo $194.50,389,194.5,Añade 2 gotas para endulzar 250ml de agua. Utiliza 8 gotas para endulzar 2 Litros de agua.,Polvo verde orgAnico de este via pulverzada. 90% nivel de pureza y agua.,,,,SUSTITUTO DE AZUCAR
DG BRAN,Fibra auxiliar en la limpieza del organismo. Alivia el estreñimiento. Desinflama el abdomen. Ayuda a tratar la gastritis colitis y mala digestion. Es alto en omega 3. Mejora los niveles de colestterol. Auxiliar en problemas de obesidad y sobrepeso.,Bolsa con 450g Precio $389.00 Costo $194.50,389,194.5,Disolver 15g en 250 ml de agua fria o caliente tomarlo por la mañana o por la noche.,Semilla de sesamo (Sesamun indicum) toronja (Citrus Paradis) Linaza (Linum usitatissimum) Ciruela (Prunus domestica) Piña (Ananas comosus) Nopal ( Opuntia ficus-indica).,1.- Nopal: Tiene propiedades antioxidantes antiinflamatorias e incluso hipoglucemiantes Aumenta el HDL y protege de enfermedades cardiovasculares. , 2.- Piña: Contribuye a eliminar las toxinas atraves de la orina previene el estreñimiento y activa la absorcion de grasas. , 3.- Toronja: Ayuda a la prevencion del envejecimiento acelera el metabolismo reduce el colesterol y los trigliceridos ademas suaviza y reafirma la piel.,DIGESTION
AG COLOIDAL 500,Al intervenir en el proceso de respiracion celular combate microbios resistentes a los antibioticos. Esto es importante ya que la lista de este tipo de micro organismos aumenta todos los dias. Estimula la regeneracion de la piel y otros tejidos mejora la apariencia de psoriasis en la piel y eccema. Enfermedades causadas por infecciones bacterianas o virales como conjuntivitis aguda (inflamacion de la membrana que cubre el ojo y parte interna del pArpado). AdemAs de ser util en el tratamiento de infecciones virales como herpes zoster. Ayuda a combatir la sinusitis infecciosa. util en infecciones como resfriados o gripe neumonia etc. Puedes utilizarlo esencialmente para el cuidado de tu rostro como un desmaquillante ademAs de limpiarlo lo protege de los radicales libres. Puede ser util en infecciones de la piel como acne puntos negros o tambien en infecciones vaginales.,Frasco con 500ml,549,274.5,Aplicar directamente en la zona a tratar usar como desmaquillante o para limpiar la cara antes de dormir. En caso de bacteria interna tomar 2 cucharadas 3 veces al dia.,Iones de plata 15 ppm y agua destilada.,,,,ACNE  ALERGIA  AMIGDALITIS  BOCIO  CATARATAS  DERMATITIS  ECCEMAS Y HERPES FUEGOS LABIALES HALITOSIS  INFECCIONES  MANCHAS DEL SOL  MIOMAS  PAÑO  QUISTES  VIRUS
YANG,Ayuda a eliminar las molestias musculares. Proporciona una sensacion refrescante sin dejar la piel grasa. FAcil aplicacion y portabilidad. Esencia de alcoba. Mezcla de aceites esenciales para un efecto calmante. Para un masaje relajante y refrescante.,Frasco con 60ml,429,214.5,Cutaneo: Aplique directamente en el Area a tratar (pecho pies espalda brazos etc.). Desinfeccion aerobica: Rociar en Areas cerradas como sala habitacion baños y closets. Desodorante de alcoba: Rociar sobre la cama almohadas edredones etc.,Extracto de eucalipto mentol clavo en aceite alcanfor.,1.- Eucalipto: Ingrediente natural que estimula la produccion de lipidos protectores en la piel. , 2.- Mentol: Alivia la picazon y trata problemas de las vias respiratorias superiores actuando como un analgesico suave. , 3.- Alcanfor: Posee propiedades antibacterianas antisepticas y antiinflamatorias regenera tejido conectivo y favorece la cicatrizacion.,RELAJACION AROMATIZANTE
ADN VEGETAL CREMA,Los beneficios al aplicarla de forma externa a traves de las celulas madre retrasa los signos del envejecimiento del colAgeno y la elastina haciendo que la piel luzca firme densa y con aspecto renovado.,Frasco con 50ml,599,299.5,Se recomienda aplicar por la mañana y por la noche. Lavar la cara con jabon neutro aplicar la crema con dos yemas de los dedos y masajear la cara suavemente durante 3 minutos.,ADN Vegetal Q10 Vitamina E y colAgeno.,1.- Q10: Retarda el envejecimiento evita la acidez de la piel y protege de los radicales libres. , 2.- Vitamina E: Posee un gran poder antioxidante contribuyendo a la proteccion epidermica frente a la oxidacion. , 3.- ADN Vegetal: Aumenta la produccion de colAgeno y mejora la elasticidad haciendo que la piel luzca renovada.,ARRUCAS  MANCHAS DEL SOL  PAÑO 
SERUM VITAMINA C REPARA Y RESTAURA,Colocar de 5 a 10 gotas en la palma de la mano aplicar en la cara y en el cuello con las yemas de los dedos sobre la piel limpia y seca dando masajes circulares y evitando el conacto con los ojos. Despues aplicar tu crema de uso diario. Puede usarse de dia y noche. Recuerda usar protector solar.,Frasco con 30ml,799,399.5,Colocar de 5 a 10 gotas en la palma de la mano aplicar en la cara y en el cuello con las yemas de los dedos sobre la piel limpia y seca dando masajes circulares y evitando el contacto con los ojos. Despues aplicar la crema de uso diario. Puede usarse de dia y noche. Recuerda usar protector solar.,Terminalia ferdinandiana Fruit extract (como fuente de vitamina C) Acido hialuronico pantenol (provitamina V5) extracto de aloe vera alantoina extracto de hammamelis y vitamina E.,1.- Terminalia ferdinandiana: Te ayuda a lucir una piel sin manchas y uniforme. AdemAs hidrata ilumina y unifica sin dejar la piel grasa. , 2.- Aloe vera: Es antiseptico y antibacteriano util en quemaduras y otras afecciones de la piel. Sus propiedades antiinflamatorias y analgesicas alivian el dolor y la inflamacion. , 3.- Hammamelis: Se ha demostrado que tiene propiedades astringentes antiflogisticas y hemostAticas utiles en tratamientos topicos de lesiones superficiales eccemas y quemaduras.,REPARA Y RESTUARA LA PIEL DE LA CARA ELIMINA MANCHAS
REGENERADOR CELULAR SERUM,Es un suero con pH balanceado formulado para nutrir tu piel y combatir los 6 signos del envejecimiento: textura deshidratacion perdida de elasticidad lineas de expresion perdida de luminosidad y tono. Su formula concentrada se mezcla con ingredientes de origen vegetal ayudando a restaurar la complexion de tu piel hasta su textura mas joven y radiante. Para brindarle una nutricion optima a tu piel usalo como un serum protector de maquillaje y protector solar amasando la textura de tu piel.,Frasco con 40ml,599,299.5,Aplicar una pequeña cantidad con las yemas de los dedos sobre el rostro recien lavado dar un ligero masaje durante 3 minutos. Puedes usarlo de la misma manera que el maquillaje.,Extracto de mirtilo extracto de manzana elastina Acido hialuronico vitamma B3 pantenol vitamina C vitamina E ubiquinona L-Ergotioneina colAgeno extracto de alga aloe Vera y aceite de argAn.,1.- Aloe vera: Hace que tengamos una experiencia sensorial en la piel aclara y protege de los radicales libres. , 2.- Vitamina E: Posee un gran poder antioxidante contribuyendo a la proteccion epidemica facial. , 3.- Aceite de argAn: Reduce las arrugas con el uso regular actuando como un producto antienvejecimiento.,ARRUCAS  PAÑO 
MICROEXFOLIANTE CREAM CON MICROESFERAS DE COLAGEINA,Aplicar una pequeña cantidad en la palma de las manos del tamaño de una modena. Aplicar sobre el rostro recien lavado dando un masaje ligero en forma de circulos dejar secar y dar un ligero masaje durante 5 minutos.,Frasco con 60ml,319,159.5,Aplicar una pequeña cantidad en la palma de la mano masajear sobre el rostro en forma circular dejar secar y luego masajear durante 5 minutos.,Microesferas de colageno elAstica y aceite de almendras.,1.- Colageno: Acelera el crecimiento de uñas y cabello regenera las celulas muertas de la epidermis mejora la firmeza de la piel y ayuda a cicatrizar. , 2.- Elastina: Mantiene la piel firme y recupera la elasticidad eliminando la mala circulacion previene arrugas e hidrata la piel naturalmente. , 3.- Aceite de almendras: Hidrata la piel evitando que aparezcan arrugas. Es un excelente relajante y limpiador de nuestra piel.,EXFOLIANTE RESTAURADOR DE LA PIEL DE LA CARA
BOTOX + ACIDO HIALURONICO CREAM,Aporta elasticidad a nuestra dermis reconstruye las fibras del tejido adiposo tiene propiedades que ayudan a mantener la piel suave firme flexible e hidratada nutriendola eliminando las arrugas y flacidez del rostro.,Frasco con 120gr,429,214.5,Se recomienda aplicar una pequeña cantidad sobre el rostro dos veces al dia con la cara limpia.,Clostridium botolinum Acido Hialuronico elastina colageno aceite de oliva aceite de semilla de uva.,1.- Aceite Hialuronico: Se usa para hidratar la piel rellenar surcos arrugas y dar firmeza al rostro. , 2.- Clostridium botolinum: EstA toxina protege la dermis haciendola mAs resistente a los cambios que trae la edad. AdemAs es un hidratante y regenerador. , 3.-,RESTAURADOR DE LA PIEL DE LA CARA
BABA DE CARACOL,La Baba de caracol actua directamente en nuestros tejidos y consigue que la piel cicatrice mAs rapido tambien ayuda a la aclaracion de manchas causadas por el sol. Junto con la rosa mosqueta son una fuente rica de antioxidantes que favorece a la piel regeneran dolar y eliminando celulas muertas puntos negros espinillas etc. AdemAs retrasa los signos de envejecimiento flacidez de los tejidos celulares y estrias.,Frasco con 120gr,429,214.5,Aplicar sobre el rostro despues de tu rutina facial.,Baba de caracol rosa mosqueta semilla de uva vitamina E aceite de almendras y elastina.,1.- Baba de caracol: Hidratante natural cicatrizante elimina celulas muertas que ocasionan el envejecimiento prematuro. , 2.- Rosa mosqueta: Combate los efectos del fotoenvejecimiento reduce estrias manchas de la piel y elimina las arrugas. , 3.- Aceite de almendras: Hidrata la piel evitando que aparezcan arrugas. Es un excelente relajante y limpiador de nuestra piel.,ACNE 
COLAGENO + ELASTINA CREAM,El paso del tiempo y las agresiones del exterior hacen que nuestra piel no se encuentre en perfectas condiciones. Normalmente aparecen arrugas que acentuan nuestra edad y en muchos casos nos avejentan aun mas. Este proceso se produce principalmente por una perdida de elasticidad en la piel causada por el descenso del colAgeno. AdemAs de aparecer en nuestro rostro pequeñas arrugas que con el paso del tiempo irAn en aumento tambien disminuye el relleno facial en labios parpados y pomulos ya que el colAgeno es imprescindible para dar estructura y firmeza a la piel.,Frasco con 120gr,429,214.5,Aplicar sobre el rostro despues de tu rutina facial.,Colageno elastina vitamina E aceite de almendras aceite de semilla de uva jalea real y vitamina C.,1.- Colageno: Acelera el crecimiento de uñas y cabello regenera celulas muertas de la epidermis mejora la firmeza de la piel y ayuda a cicatrizar. , 2.- Elastina: Mantiene la piel firme y recupera la elasticidad eliminando la mala circulacion. Previene arrugas e hidrata la piel naturalmente. , 3.- Vitamina E: Tiene un gran poder antioxidante contribuyendo a la proteccion epidermica frente a la oxidacion.,MEJORA LA ESLASTICIDAD DE LA PIEL DE LA CARA
JALAEA REAL CREAM + VITAMINA E,La jalea real es rica en lipidos y vitaminas por lo que tiene la capacidad de mantener la hidratacion de la piel dejAndola mAs suave y elAstica. AdemAs tiene propiedades antioxidantes y regeneradoras que la hacen ideal para tratamientos antiedad y de envejecimiento de la piel. Es coadyuvante en la eliminacion de manchas en la piel causadas por muerte celular manchas causadas por el sol y por intoxicacion. Ayuda a reducir las manchas causadas por paño.,Frasco con 120gr,429,214.5,Aplicar sobre el rostro despues de tu rutina facial.,Colageno elastina vitamina E miel placenta aceite de semilla de uva jalea real y vitamina C.,1.- Jalea real: Fuente de vitaminas del grupo B tales como la tiamina (B1) riboflavina (B2) niacina (B3) Acido pantotenico (B5) piridoxina (B6) inositol y Acido folico vitaminas implicadas en numerosos procesos metabolicos del organismo. , 2.- Miel: Equilibra la produccion de grasa y aclara el tono de la piel tambien limpia profundamente. Es calmante antiinflamatorio y combate el acne. , 3.- Placenta: Estimula la produccion de colageno natural. Aumenta la elasticidad de la piel y tiene efecto reductor en las arrugas.,MEJORA LA PIEL DE LA CARA
MAHAL BODY CREAM,Crema hidratante enriquecida con aceite de lavanda. Aceites esenciales relajantes para envolver el cuerpo en un velo de suavidad y ofrecerle un momento de relajacion. Su esencia calmante es 100% natural y su textura ultrasensorial. Mejora la circulacion de las piernas previniendo las varices celulitis y la piel de naranja. Disminuye dolores musculares y la rigidez muscular durante el ejercicio problemas de colicos menstruales o sensibilidad por menopausia golpes o moretones.,Envase con 300gr,429,214.5,Apliquese directamente en el Area a tratar en forma de masaje suave despues del baño o antes de dormir.,Extracto de hierbas pirul romero albahaca arnica ajo eucalipto jengibre sabila esencia de lavanda aceite esencial de clavo aceite esencial de tomillo agua aceite mineral Acido astatico monoesterato de gilcerido alcanfor eter saliciato de metilo solucion A solucion D tween 80 carpool y mentol.,1.- Extracto de lavanda: Antiseptico natural antiinflamatorio relajante elimina tension en los musculos estres y dolores de cabeza. , 2.- Extracto de eucalipto: Actua sobre articulaciones reduce el dolor y mejora la circulacion. , 3.- Arnica: Remedio natural para luxaciones golpes traumatismos y torceduras con efecto sedante y relajante.,CALAMBRES  CELULITIS  CIATICA  DOLOR DE ESPALDA  DOLOR DE RODILLA  FIBROMIALGIA  FLACIDEZ  GOLPES VARICES 
